product_id,name,category,description
1,CloudSync Enterprise,DevOps,CloudSync Enterprise provides enterprise-grade services for operational efficiency
2,DataVault Pro,SaaS,DataVault Pro provides enterprise-grade services for operational efficiency
3,SecureGate Platform,Data Management,SecureGate Platform provides enterprise-grade services for security compliance
4,AnalyticsPro Suite,DevOps,AnalyticsPro Suite provides enterprise-grade services for security compliance
5,InfraOptimizer,Security,InfraOptimizer provides enterprise-grade capabilities for cloud optimization
6,APIGateway Plus,SaaS,APIGateway Plus provides enterprise-grade capabilities for security compliance
7,MonitorHub,SaaS,MonitorHub provides enterprise-grade capabilities for operational efficiency
8,DeployMaster,Data Management,DeployMaster provides enterprise-grade solutions for data management
9,DataPipeline X,Data Management,DataPipeline X provides enterprise-grade capabilities for operational efficiency
10,QuantumDB,Security,QuantumDB provides enterprise-grade services for data management
