project_id,name,description,product_id,owner_employee_id,customer_id,start_date,end_date,status
1,Internal QuantumDB Consolidation,Internal initiative to modernize QuantumDB infrastructure and capabilities.,10,14,,2021-03-22,2024-01-31,On Hold
2,Smith Enterprise QuantumDB Engagement,This project aims to streamline operations through QuantumDB integration. Key challenges include regulatory compliance requirements and stakeholder alignment. Expected outcomes: accelerated time-to-market and reduced infrastructure costs.,10,7,20,2022-07-19,2024-08-30,Completed
3,Davies DataVault Pilot   Consolidation,This project aims to implement enterprise-grade DataVault Pro solution. Key challenges include legacy system compatibility and resource availability. Expected outcomes: better customer experience and better customer experience.,2,15,22,2023-02-15,2024-07-19,Completed
4,POC DataVault Implementation   Rich,This project aims to streamline operations through DataVault Pro integration. Key challenges include legacy system compatibility and stakeholder alignment. Expected outcomes: increased system reliability and reduced infrastructure costs.,2,22,4,2023-11-02,2025-08-28,Active
5,DataPipeline Enhancement for Taylor,This project aims to deliver DataPipeline X capabilities to Taylor Group. Key challenges include data migration complexity and resource availability. Expected outcomes: reduced infrastructure costs and reduced infrastructure costs.,9,16,10,2022-05-01,2024-08-16,Active
6,Carpenter Enterprise DeployMaster Engagement,This project aims to deliver DeployMaster capabilities to Carpenter Garcia. Key challenges include resource availability and data migration complexity. Expected outcomes: improved operational efficiency and increased system reliability.,8,15,26,2021-02-01,2024-11-02,Planning
7,SecureGate Enhancement for Jordan,This project aims to enable Jordan Ltd to leverage SecureGate Platform for competitive advantage. Key challenges include data migration complexity and stakeholder alignment. Expected outcomes: accelerated time-to-market and enhanced security posture.,3,22,6,2023-08-04,2025-04-29,Planning
8,Rhodes Enterprise DataVault Initiative,This project aims to implement enterprise-grade DataVault Pro solution. Key challenges include legacy system compatibility and multi-region deployment needs. Expected outcomes: better customer experience and improved operational efficiency.,2,3,9,2023-03-27,2024-10-12,On Hold
9,Pilot DataPipeline Rollout   Newman,This project aims to modernize existing infrastructure with DataPipeline X. Key challenges include legacy system compatibility and resource availability. Expected outcomes: better customer experience and improved operational efficiency.,9,10,1,2021-07-02,2024-02-24,In Progress
10,MonitorHub Optimization for Smith,This project aims to enable Smith Gibbs and Martin to leverage MonitorHub for competitive advantage. Key challenges include data migration complexity and legacy system compatibility. Expected outcomes: better customer experience and increased system reliability.,7,20,31,2023-12-08,2024-06-10,Completed
11,Internal AnalyticsPro Deployment,Internal initiative to optimize AnalyticsPro Suite infrastructure and capabilities.,4,20,,2023-06-14,2024-01-21,Completed
12,Internal DataPipeline Integration,Internal initiative to modernize DataPipeline X infrastructure and capabilities.,9,18,,2022-07-31,2024-02-22,Completed
